aba,campo,tipo_inferido,nulos_%,amostra_valores
Captar,0.0,text,0.0,"=IF(K2="""","""",IF(B2="""","""",A1+1)), =IF(K3="""","""",IF(B3="""","""",A2+1)), =IF(K4="""","""",IF(B4="""","""",A3+1)), =IF(K5="""","""",IF(B5="""","""",A4+1)), =IF(K6="""","""",IF(B6="""","""",A5+1)), =IF(K7="""","""",IF(B7="""","""",A6+1)), =IF(K8="""","""",IF(B8="""","""",A7+1)), =IF(K9="""","""",IF(B9="""","""",A8+1)), =IF(K10="""","""",IF(B10="""","""",A9+1)), =IF(K11="""","""",IF(B11="""","""",A10+1))"
Captar,Item,text,43.76,"Aluguel DEZ, Aluguel JAN, Aluguel FEV, Aluguel MAR, Aluguel ABR, Aluguel MAI, Aluguel JUN, Aluguel JUL, Aluguel AGO, Aluguel SET"
Captar,Und,text,93.41,"Mês, Kw/h, Gb, Serviço, Parcela, und, Kg, Und"
Captar,Qtd,number,91.61,"1.0, 400.0, 2.0, 4.0"
Captar,Objeto,text,96.8,"Mensalidade, Anualidade, Produto, Passagem, Pacote, Taxa Única "
Captar,data aquisição,date,45.95,"2022-10-01T00:00:00.000000000, 2023-01-31T00:00:00.000000000, 2022-12-31T00:00:00.000000000, 2022-10-03T00:00:00.000000000, 2023-01-04T00:00:00.000000000, 2023-01-07T00:00:00.000000000, 2023-01-08T00:00:00.000000000, 2023-01-09T00:00:00.000000000, 2023-01-12T00:00:00.000000000, 2023-01-02T00:00:00.000000000"
Captar,data venc,date,89.81,"2023-01-05T00:00:00.000000000, 2023-02-05T00:00:00.000000000, 2023-03-05T00:00:00.000000000, 2023-04-05T00:00:00.000000000, 2023-05-05T00:00:00.000000000, 2023-06-05T00:00:00.000000000, 2023-07-05T00:00:00.000000000, 2023-08-05T00:00:00.000000000, 2023-09-05T00:00:00.000000000, 2023-10-05T00:00:00.000000000"
Captar,data movimento,date,44.06,"2023-01-05T00:00:00.000000000, 2023-02-05T00:00:00.000000000, 2023-03-06T00:00:00.000000000, 2023-04-05T00:00:00.000000000, 2023-05-05T00:00:00.000000000, 2023-06-06T00:00:00.000000000, 2023-07-05T00:00:00.000000000, 2023-08-05T00:00:00.000000000, 2023-09-05T00:00:00.000000000, 2023-10-05T00:00:00.000000000"
Captar,Movimento,text,43.86,"Saída, manejo, Entrada"
Captar,valor,number,43.86,"=900+220, =1120+1000, 120.0, 1120.0, =900+295+100, =900+180, =900+240, =900+230, 36.95, 38.86"
Captar,Vlr/Und,text,0.0,"=IF(F2="""","""",L2/F2), =IF(F3="""","""",L3/F3), =IF(F4="""","""",L4/F4), =IF(F5="""","""",L5/F5), =IF(F6="""","""",L6/F6), =IF(F7="""","""",L7/F7), =IF(F8="""","""",L8/F8), =IF(F9="""","""",L9/F9), =IF(F10="""","""",L10/F10), =IF(F11="""","""",L11/F11)"
Captar,modalidade,text,44.06,"TEF, Espécie, Transf. Eletr., DDA, C. Crédito, C. Transp, PIX, Dep. Imediato, Saque, Boleto"
Captar,origem do valor,text,44.86,"Banco D P01, Espécie A, Espécie B, pagador, Banco A P02, C. Transporte P01, Banco A P01, C. Transporte P02, prestador, Banco B P02"
Captar,destino do valor,text,43.96,"prestador, Prestador, fornecedor, Banco D P01, Banco A P02, C. Transporte P02, Espécie B, Espécie A, recebedor, Banco D P02"
Captar,Pagador,text,44.46,"Pessoa 02, Pessoa 01, Prestador"
Captar,Recebedor,text,98.8,"Pessoa 01, Prestador"
Captar,subcategoria,text,43.86,"Aluguel, Eletricidade, Internet, Integridade do patrimônio, App Transporte, Equipamento, Alimentação, BRT/Ônibus/Van, Outros (Amenidades), Movimento"
Captar,categoria,text,43.86,"Essencial, Emergencial, Amenidades, Manejo, Projetos, Renda, Fidelidade, Incremental"
Captar,vigência,text,0.0,"=IF(J2="""","""",IF(MONTH(J2)=$Y$1,""Vigente"", =IF(J3="""","""",IF(MONTH(J3)=$Y$1,""Vigente"", =IF(J4="""","""",IF(MONTH(J4)=$Y$1,""Vigente"", =IF(J5="""","""",IF(MONTH(J5)=$Y$1,""Vigente"", =IF(J6="""","""",IF(MONTH(J6)=$Y$1,""Vigente"", =IF(J7="""","""",IF(MONTH(J7)=$Y$1,""Vigente"", =IF(J8="""","""",IF(MONTH(J8)=$Y$1,""Vigente"", =IF(J9="""","""",IF(MONTH(J9)=$Y$1,""Vigente"", =IF(J10="""","""",IF(MONTH(J10)=$Y$1,""Vigent, =IF(J11="""","""",IF(MONTH(J11)=$Y$1,""Vigent"
Captar,mês,text,0.0,"=IF(J2="""","""",MONTH(J2)), =IF(J3="""","""",MONTH(J3)), =IF(J4="""","""",MONTH(J4)), =IF(J5="""","""",MONTH(J5)), =IF(J6="""","""",MONTH(J6)), =IF(J7="""","""",MONTH(J7)), =IF(J8="""","""",MONTH(J8)), =IF(J9="""","""",MONTH(J9)), =IF(J10="""","""",MONTH(J10)), =IF(J11="""","""",MONTH(J11))"
Captar,ano,text,0.0,"=IF(J2="""","""",YEAR(J2)), =IF(J3="""","""",YEAR(J3)), =IF(J4="""","""",YEAR(J4)), =IF(J5="""","""",YEAR(J5)), =IF(J6="""","""",YEAR(J6)), =IF(J7="""","""",YEAR(J7)), =IF(J8="""","""",YEAR(J8)), =IF(J9="""","""",YEAR(J9)), =IF(J10="""","""",YEAR(J10)), =IF(J11="""","""",YEAR(J11))"
Patrimonial,col_2,text,41.67,"Alocação, Espécie B, Espécie A, Banco A P01, Banco A P02, Banco B P01, Banco B P02, Banco C P01, Banco D P01, Banco D P02"
Patrimonial,col_3,text,41.67,"Categoria, Essencial, Emergencial, Incremental, Cobertura, Projetos, Amenidades"
Patrimonial,Essencial,text,63.89,"Incremental, Cobertura, Emergencial, Projetos, Amenidades, Total, Subcategoria, Outros (Emergencial), Investimento, Outros (Projetos)"
Patrimonial,"=SUMIFS($E$13:$E$39,$C$13:$C$39,D2)",number,0.0,"=SUMIFS($E$13:$E$39,$C$13:$C$39,D3), =SUMIFS($E$13:$E$39,$C$13:$C$39,D4), =SUMIFS($E$13:$E$39,$C$13:$C$39,D5), =SUMIFS($E$13:$E$39,$C$13:$C$39,D6), =SUMIFS($E$13:$E$39,$C$13:$C$39,D7), =SUM(E2:E7), 2023-01-31 00:00:00, =SUM(E13:E39), Montante, 46.85"
Patrimonial,=E2/$E$8,text,2.78,"=E3/$E$8, =E4/$E$8, =E5/$E$8, =E6/$E$8, =E7/$E$8, =SUM(F2:F7), =SUM(F13:F39), %, =E13/SUM($E$13:$E$39), =E14/SUM($E$13:$E$39)"
Patrimonial,"=SUMIFS($E$13:$E$39,$C$13:$C$39,F2)",number,0.0,"=SUMIFS($E$13:$E$39,$C$13:$C$39,F3), =SUMIFS($E$13:$E$39,$C$13:$C$39,F4), =SUMIFS($E$13:$E$39,$C$13:$C$39,F5), =SUMIFS($E$13:$E$39,$C$13:$C$39,F6), =SUMIFS($E$13:$E$39,$C$13:$C$39,F7), =SUM(G2:G7), 2023-02-28 00:00:00, =SUM(G13:G39), Montante, 0.0"
Patrimonial,=G2/$E$8,text,2.78,"=G3/$E$8, =G4/$E$8, =G5/$E$8, =G6/$E$8, =G7/$E$8, =SUM(H2:H7), =SUM(H13:H39), %, =G13/SUM($E$13:$E$39), =G14/SUM($E$13:$E$39)"
Patrimonial,"=SUMIFS($E$13:$E$39,$C$13:$C$39,H2)",number,0.0,"=SUMIFS($E$13:$E$39,$C$13:$C$39,H3), =SUMIFS($E$13:$E$39,$C$13:$C$39,H4), =SUMIFS($E$13:$E$39,$C$13:$C$39,H5), =SUMIFS($E$13:$E$39,$C$13:$C$39,H6), =SUMIFS($E$13:$E$39,$C$13:$C$39,H7), =SUM(I2:I7), 2023-03-31 00:00:00, =SUM(I13:I39), Montante, 0.0"
Patrimonial,=I2/$E$8,text,2.78,"=I3/$E$8, =I4/$E$8, =I5/$E$8, =I6/$E$8, =I7/$E$8, =SUM(J2:J7), =SUM(J13:J39), %, =I13/SUM($E$13:$E$39), =I14/SUM($E$13:$E$39)"
Patrimonial,"=SUMIFS($E$13:$E$39,$C$13:$C$39,J2)",number,0.0,"=SUMIFS($E$13:$E$39,$C$13:$C$39,J3), =SUMIFS($E$13:$E$39,$C$13:$C$39,J4), =SUMIFS($E$13:$E$39,$C$13:$C$39,J5), =SUMIFS($E$13:$E$39,$C$13:$C$39,J6), =SUMIFS($E$13:$E$39,$C$13:$C$39,J7), =SUM(K2:K7), 2023-04-30 00:00:00, =SUM(K13:K39), Montante, 0.0"
Patrimonial,=K2/$E$8,text,2.78,"=K3/$E$8, =K4/$E$8, =K5/$E$8, =K6/$E$8, =K7/$E$8, =SUM(L2:L7), =SUM(L13:L39), %, =K13/SUM($E$13:$E$39), =K14/SUM($E$13:$E$39)"
Patrimonial,"=SUMIFS($E$13:$E$39,$C$13:$C$39,L2)",number,0.0,"=SUMIFS($E$13:$E$39,$C$13:$C$39,L3), =SUMIFS($E$13:$E$39,$C$13:$C$39,L4), =SUMIFS($E$13:$E$39,$C$13:$C$39,L5), =SUMIFS($E$13:$E$39,$C$13:$C$39,L6), =SUMIFS($E$13:$E$39,$C$13:$C$39,L7), =SUM(M2:M7), 2023-05-31 00:00:00, =SUM(M13:M39), Montante, 0.0"
Patrimonial,=M2/$E$8,text,2.78,"=M3/$E$8, =M4/$E$8, =M5/$E$8, =M6/$E$8, =M7/$E$8, =SUM(N2:N7), =SUM(N13:N39), %, =M13/SUM($E$13:$E$39), =M14/SUM($E$13:$E$39)"
Patrimonial,"=SUMIFS($E$13:$E$39,$C$13:$C$39,N2)",number,0.0,"=SUMIFS($E$13:$E$39,$C$13:$C$39,N3), =SUMIFS($E$13:$E$39,$C$13:$C$39,N4), =SUMIFS($E$13:$E$39,$C$13:$C$39,N5), =SUMIFS($E$13:$E$39,$C$13:$C$39,N6), =SUMIFS($E$13:$E$39,$C$13:$C$39,N7), =SUM(O2:O7), 2023-06-30 00:00:00, =SUM(O13:O39), Montante, 0.0"
Patrimonial,=O2/$E$8,text,2.78,"=O3/$E$8, =O4/$E$8, =O5/$E$8, =O6/$E$8, =O7/$E$8, =SUM(P2:P7), =SUM(P13:P39), %, =O13/SUM($E$13:$E$39), =O14/SUM($E$13:$E$39)"
Patrimonial,"=SUMIFS($E$13:$E$39,$C$13:$C$39,P2)",number,0.0,"=SUMIFS($E$13:$E$39,$C$13:$C$39,P3), =SUMIFS($E$13:$E$39,$C$13:$C$39,P4), =SUMIFS($E$13:$E$39,$C$13:$C$39,P5), =SUMIFS($E$13:$E$39,$C$13:$C$39,P6), =SUMIFS($E$13:$E$39,$C$13:$C$39,P7), =SUM(Q2:Q7), 2023-07-31 00:00:00, =SUM(Q13:Q39), Montante, 0.0"
Patrimonial,=Q2/$E$8,text,2.78,"=Q3/$E$8, =Q4/$E$8, =Q5/$E$8, =Q6/$E$8, =Q7/$E$8, =SUM(R2:R7), =SUM(R13:R39), %, =Q13/SUM($E$13:$E$39), =Q14/SUM($E$13:$E$39)"
Patrimonial,"=SUMIFS($E$13:$E$39,$C$13:$C$39,R2)",number,0.0,"=SUMIFS($E$13:$E$39,$C$13:$C$39,R3), =SUMIFS($E$13:$E$39,$C$13:$C$39,R4), =SUMIFS($E$13:$E$39,$C$13:$C$39,R5), =SUMIFS($E$13:$E$39,$C$13:$C$39,R6), =SUMIFS($E$13:$E$39,$C$13:$C$39,R7), =SUM(S2:S7), 2023-08-31 00:00:00, =SUM(S13:S39), Montante, 0.0"
Patrimonial,=S2/$E$8,text,2.78,"=S3/$E$8, =S4/$E$8, =S5/$E$8, =S6/$E$8, =S7/$E$8, =SUM(T2:T7), =SUM(T13:T39), %, =S13/SUM($E$13:$E$39), =S14/SUM($E$13:$E$39)"
Patrimonial,"=SUMIFS($E$13:$E$39,$C$13:$C$39,T2)",number,0.0,"=SUMIFS($E$13:$E$39,$C$13:$C$39,T3), =SUMIFS($E$13:$E$39,$C$13:$C$39,T4), =SUMIFS($E$13:$E$39,$C$13:$C$39,T5), =SUMIFS($E$13:$E$39,$C$13:$C$39,T6), =SUMIFS($E$13:$E$39,$C$13:$C$39,T7), =SUM(U2:U7), 2023-09-30 00:00:00, =SUM(U13:U39), Montante, 0.0"
Patrimonial,=U2/$E$8,text,2.78,"=U3/$E$8, =U4/$E$8, =U5/$E$8, =U6/$E$8, =U7/$E$8, =SUM(V2:V7), =SUM(V13:V39), %, =U13/SUM($E$13:$E$39), =U14/SUM($E$13:$E$39)"
Patrimonial,"=SUMIFS($E$13:$E$39,$C$13:$C$39,V2)",number,0.0,"=SUMIFS($E$13:$E$39,$C$13:$C$39,V3), =SUMIFS($E$13:$E$39,$C$13:$C$39,V4), =SUMIFS($E$13:$E$39,$C$13:$C$39,V5), =SUMIFS($E$13:$E$39,$C$13:$C$39,V6), =SUMIFS($E$13:$E$39,$C$13:$C$39,V7), =SUM(W2:W7), 2023-10-31 00:00:00, =SUM(W13:W39), Montante, 0.0"
Patrimonial,=W2/$E$8,text,2.78,"=W3/$E$8, =W4/$E$8, =W5/$E$8, =W6/$E$8, =W7/$E$8, =SUM(X2:X7), =SUM(X13:X39), %, =W13/SUM($E$13:$E$39), =W14/SUM($E$13:$E$39)"
Patrimonial,"=SUMIFS($E$13:$E$39,$C$13:$C$39,X2)",number,0.0,"=SUMIFS($E$13:$E$39,$C$13:$C$39,X3), =SUMIFS($E$13:$E$39,$C$13:$C$39,X4), =SUMIFS($E$13:$E$39,$C$13:$C$39,X5), =SUMIFS($E$13:$E$39,$C$13:$C$39,X6), =SUMIFS($E$13:$E$39,$C$13:$C$39,X7), =SUM(Y2:Y7), 2023-11-30 00:00:00, =SUM(Y13:Y39), Montante, 0.0"
Patrimonial,=Y2/$E$8,text,2.78,"=Y3/$E$8, =Y4/$E$8, =Y5/$E$8, =Y6/$E$8, =Y7/$E$8, =SUM(Z2:Z7), =SUM(Z13:Z39), %, =Y13/SUM($E$13:$E$39), =Y14/SUM($E$13:$E$39)"
Patrimonial,"=SUMIFS($E$13:$E$39,$C$13:$C$39,Z2)",number,0.0,"=SUMIFS($E$13:$E$39,$C$13:$C$39,Z3), =SUMIFS($E$13:$E$39,$C$13:$C$39,Z4), =SUMIFS($E$13:$E$39,$C$13:$C$39,Z5), =SUMIFS($E$13:$E$39,$C$13:$C$39,Z6), =SUMIFS($E$13:$E$39,$C$13:$C$39,Z7), =SUM(AA2:AA7), 2023-12-31 00:00:00, =SUM(AA13:AA39), Montante, 0.0"
Patrimonial,=AA2/$E$8,text,2.78,"=AA3/$E$8, =AA4/$E$8, =AA5/$E$8, =AA6/$E$8, =AA7/$E$8, =SUM(AB2:AB7), =SUM(AB13:AB39), %, =AA13/SUM($E$13:$E$39), =AA14/SUM($E$13:$E$39)"
Envelope,col_2,text,40.74,"=""Distribuição da ""&$C$2&"" | ""&TEXT($D$1, Fidelidade, Essencial, Incremental, Cobertura, Emergencial, Projetos, Amenidades, total, =""Distribuição da ""&$C$3&"" | ""&TEXT($D$1"
Envelope,Mês analisado,text,9.26,"Renda efetiva, Renda prevista, =""Cálculo mensal | ""&D1&"" de ""&E1&"" (apa, Subcategoria, Dízimo, Oferta | Pacto, Oferta Missionária, Oferta Humanitária, Ofertas | diversas, Outros (Fidelidade)"
Envelope,agosto,text,5.56,"=SUMPRODUCT(
  (Captar!$K$2:$K$3002=""Ent, =SUMPRODUCT(
  (Captar!$K$2:$K$3002=""Ent, =D39, =$D$6*E7, =$D$6*E8, =$D$6*E9, =$D$6*E10, =$D$6*E11, 0.0, =SUM(D7:D11)"
Envelope,2023.0,text,9.26,"=IF(D2<=Ajustes!$W$2,Ajustes!$X$2,VLOOKU, =IF(D3<=Ajustes!$W$2,Ajustes!$X$2,VLOOKU, =E39, =VLOOKUP(C7,Ajustes!$O$2:$U$15,MATCH($E$, =VLOOKUP(C8,Ajustes!$O$2:$U$15,MATCH($E$, =VLOOKUP(C9,Ajustes!$O$2:$U$15,MATCH($E$, =VLOOKUP(C10,Ajustes!$O$2:$U$15,MATCH($E, =VLOOKUP(C11,Ajustes!$O$2:$U$15,MATCH($E, 0.0, =SUM(E7:E11)"
Envelope,col_3,text,11.11,"Arred, 0.0, =$D$6-F13, fevereiro, 2.0, R$, =SUMPRODUCT((Captar!$T$2:$T$10002=$C$21), =SUMPRODUCT((Captar!$T$2:$T$10002=$C$22), =SUMPRODUCT((Captar!$T$2:$T$10002=$C$23), =SUMPRODUCT((Captar!$T$2:$T$10002=$C$24)"
Envelope,col_4,text,44.44,"=IF(F13>0,(F13-D13)/4,0), =F8/$D$6, =F9/$D$6, =F10/$D$6, =F11/$D$6, =F12/$D$6, =SUM(G7:G11), =$E$6-G13, %, =IFERROR(F21/($D$27*5),""%"")"
Envelope,col_5,text,38.89,"Distribuição destinada, =D7+F7, =D8+F8, =D9+F9, =D10+F10, =D11+F11, =D12+F12, =SUM(H7:H11), =$D$6-H13, março"
Envelope,col_6,text,14.81,"=H7/$D$6, =H8/$D$6, =H9/$D$6, =H10/$D$6, =H11/$D$6, =H12/$D$6, =SUM(I7:I11), =$E$6-I13, %, =IFERROR(H21/($D$27*5),""%"")"
Envelope,col_7,text,64.81,"Distribuição EFETIVA, =SUMPRODUCT((Captar!$T$2:$T$10002=C7)*(C, =SUMPRODUCT((Captar!$T$2:$T$10002=C8)*(C, =SUMPRODUCT((Captar!$T$2:$T$10002=C9)*(C, =SUMPRODUCT((Captar!$T$2:$T$10002=C10)*(, =SUMPRODUCT((Captar!$T$2:$T$10002=C11)*(, =SUMPRODUCT((Captar!$T$2:$T$10002=C12)*(, =SUM(J7:J11), =$D$6-J13, abril"
Envelope,col_8,text,70.37,"=J7/$D$6, =J8/$D$6, =J9/$D$6, =J10/$D$6, =J11/$D$6, =J12/$D$6, =SUM(K7:K11), =$E$6-K13, %, =IFERROR(J21/($D$27*5),""%"")"
Envelope,col_9,text,81.48,"maio, 5.0, R$, =SUMPRODUCT((Captar!$T$2:$T$10002=$C$21), =SUMPRODUCT((Captar!$T$2:$T$10002=$C$22), =SUMPRODUCT((Captar!$T$2:$T$10002=$C$23), =SUMPRODUCT((Captar!$T$2:$T$10002=$C$24), =SUMPRODUCT((Captar!$T$2:$T$10002=$C$25), =SUMPRODUCT((Captar!$T$2:$T$10002=$C$26), =SUM(L21:L26)"
Envelope,col_10,text,85.19,"%, =IFERROR(L21/($D$27*5),""%""), =IFERROR(L22/($D$27*5),""%""), =IFERROR(L23/($D$27*5),""%""), =IFERROR(L24/($D$27*5),""%""), =IFERROR(L25/($D$27*5),""%""), =IFERROR(L26/($D$27*5),""%""), =SUM(M21:M26)"
Envelope,col_11,text,81.48,"junho, 6.0, R$, =SUMPRODUCT((Captar!$T$2:$T$10002=$C$21), =SUMPRODUCT((Captar!$T$2:$T$10002=$C$22), =SUMPRODUCT((Captar!$T$2:$T$10002=$C$23), =SUMPRODUCT((Captar!$T$2:$T$10002=$C$24), =SUMPRODUCT((Captar!$T$2:$T$10002=$C$25), =SUMPRODUCT((Captar!$T$2:$T$10002=$C$26), =SUM(N21:N26)"
Envelope,col_12,text,85.19,"%, =IFERROR(N21/($D$27*5),""%""), =IFERROR(N22/($D$27*5),""%""), =IFERROR(N23/($D$27*5),""%""), =IFERROR(N24/($D$27*5),""%""), =IFERROR(N25/($D$27*5),""%""), =IFERROR(N26/($D$27*5),""%""), =SUM(O21:O26)"
Envelope,col_13,text,81.48,"julho, 7.0, R$, =SUMPRODUCT((Captar!$T$2:$T$10002=$C$21), =SUMPRODUCT((Captar!$T$2:$T$10002=$C$22), =SUMPRODUCT((Captar!$T$2:$T$10002=$C$23), =SUMPRODUCT((Captar!$T$2:$T$10002=$C$24), =SUMPRODUCT((Captar!$T$2:$T$10002=$C$25), =SUMPRODUCT((Captar!$T$2:$T$10002=$C$26), =SUM(P21:P26)"
Envelope,col_14,text,85.19,"%, =IFERROR(P21/($D$27*5),""%""), =IFERROR(P22/($D$27*5),""%""), =IFERROR(P23/($D$27*5),""%""), =IFERROR(P24/($D$27*5),""%""), =IFERROR(P25/($D$27*5),""%""), =IFERROR(P26/($D$27*5),""%""), =SUM(Q21:Q26)"
Envelope,col_15,text,81.48,"agosto, 8.0, R$, =SUMPRODUCT((Captar!$T$2:$T$10002=$C$21), =SUMPRODUCT((Captar!$T$2:$T$10002=$C$22), =SUMPRODUCT((Captar!$T$2:$T$10002=$C$23), =SUMPRODUCT((Captar!$T$2:$T$10002=$C$24), =SUMPRODUCT((Captar!$T$2:$T$10002=$C$25), =SUMPRODUCT((Captar!$T$2:$T$10002=$C$26), =SUM(R21:R26)"
Envelope,col_16,text,85.19,"%, =IFERROR(R21/($D$27*5),""%""), =IFERROR(R22/($D$27*5),""%""), =IFERROR(R23/($D$27*5),""%""), =IFERROR(R24/($D$27*5),""%""), =IFERROR(R25/($D$27*5),""%""), =IFERROR(R26/($D$27*5),""%""), =SUM(S21:S26)"
Envelope,col_17,text,81.48,"setembro, 9.0, R$, =SUMPRODUCT((Captar!$T$2:$T$10002=$C$21), =SUMPRODUCT((Captar!$T$2:$T$10002=$C$22), =SUMPRODUCT((Captar!$T$2:$T$10002=$C$23), =SUMPRODUCT((Captar!$T$2:$T$10002=$C$24), =SUMPRODUCT((Captar!$T$2:$T$10002=$C$25), =SUMPRODUCT((Captar!$T$2:$T$10002=$C$26), =SUM(T21:T26)"
Envelope,col_18,text,85.19,"%, =IFERROR(T21/($D$27*5),""%""), =IFERROR(T22/($D$27*5),""%""), =IFERROR(T23/($D$27*5),""%""), =IFERROR(T24/($D$27*5),""%""), =IFERROR(T25/($D$27*5),""%""), =IFERROR(T26/($D$27*5),""%""), =SUM(U21:U26)"
Envelope,col_19,text,81.48,"outubro, 10.0, R$, =SUMPRODUCT((Captar!$T$2:$T$10002=$C$21), =SUMPRODUCT((Captar!$T$2:$T$10002=$C$22), =SUMPRODUCT((Captar!$T$2:$T$10002=$C$23), =SUMPRODUCT((Captar!$T$2:$T$10002=$C$24), =SUMPRODUCT((Captar!$T$2:$T$10002=$C$25), =SUMPRODUCT((Captar!$T$2:$T$10002=$C$26), =SUM(V21:V26)"
Envelope,col_20,text,85.19,"%, =IFERROR(V21/($D$27*5),""%""), =IFERROR(V22/($D$27*5),""%""), =IFERROR(V23/($D$27*5),""%""), =IFERROR(V24/($D$27*5),""%""), =IFERROR(V25/($D$27*5),""%""), =IFERROR(V26/($D$27*5),""%""), =SUM(W21:W26)"
Envelope,col_21,text,81.48,"novembro, 11.0, R$, =SUMPRODUCT((Captar!$T$2:$T$10002=$C$21), =SUMPRODUCT((Captar!$T$2:$T$10002=$C$22), =SUMPRODUCT((Captar!$T$2:$T$10002=$C$23), =SUMPRODUCT((Captar!$T$2:$T$10002=$C$24), =SUMPRODUCT((Captar!$T$2:$T$10002=$C$25), =SUMPRODUCT((Captar!$T$2:$T$10002=$C$26), =SUM(X21:X26)"
Envelope,col_22,text,85.19,"%, =IFERROR(X21/($D$27*5),""%""), =IFERROR(X22/($D$27*5),""%""), =IFERROR(X23/($D$27*5),""%""), =IFERROR(X24/($D$27*5),""%""), =IFERROR(X25/($D$27*5),""%""), =IFERROR(X26/($D$27*5),""%""), =SUM(Y21:Y26)"
Envelope,col_23,text,81.48,"dezembro, 12.0, R$, =SUMPRODUCT((Captar!$T$2:$T$10002=$C$21), =SUMPRODUCT((Captar!$T$2:$T$10002=$C$22), =SUMPRODUCT((Captar!$T$2:$T$10002=$C$23), =SUMPRODUCT((Captar!$T$2:$T$10002=$C$24), =SUMPRODUCT((Captar!$T$2:$T$10002=$C$25), =SUMPRODUCT((Captar!$T$2:$T$10002=$C$26), =SUM(Z21:Z26)"
Envelope,col_24,text,85.19,"%, =IFERROR(Z21/($D$27*5),""%""), =IFERROR(Z22/($D$27*5),""%""), =IFERROR(Z23/($D$27*5),""%""), =IFERROR(Z24/($D$27*5),""%""), =IFERROR(Z25/($D$27*5),""%""), =IFERROR(Z26/($D$27*5),""%""), =SUM(AA21:AA26)"
Renda,Itens,text,0.0,"Renda, Renda base, % renda já obtida, Mês analisado, Meses concldídos no ano, Meses para finalizar o ano, =""Fontes de receita em ""&TEXT(C5,""mmmm""), =H2, origem, =IFERROR(__xludf.DUMMYFUNCTION(""IFERROR("
Renda,Dados pertinentes,text,5.41,"=SUMPRODUCT((Captar!$K$2:$K$10002=""Entra, =Ajustes!W3, =C2/C3, agosto, =(MATCH($C$5,{""janeiro"";""fevereiro"";""mar, =12-(MATCH($C$5,{""janeiro"";""fevereiro"";"", =SUM(C12:C21), valor R$, =IF($B12="""","""", 
  SUMPRODUCT(
    (Capt, =IF($B13="""","""", 
  SUMPRODUCT(
    (Capt"
Renda,Classificação da renda,text,10.81,"=IF(C2<=Ajustes!$W$2,Ajustes!$X$2,VLOOKU, 2023.0, =SUM(D12:D21), % previsto, =IF(C12="""","""",(C12/SUM($C$12:$C$21))), =IF(C13="""","""",(C13/SUM($C$12:$C$21))), =IF(C14="""","""",(C14/SUM($C$12:$C$21))), =IF(C15="""","""",(C15/SUM($C$12:$C$21))), =IF(C16="""","""",(C16/SUM($C$12:$C$21))), =IF(C17="""","""",(C17/SUM($C$12:$C$21)))"
Renda,=Ajustes!W1,text,14.86,"=Ajustes!W2, =Ajustes!W3, =Ajustes!W4, =Ajustes!W5, =Ajustes!W6, =Ajustes!W7, =H3, data Aquis., =IFERROR(__xludf.DUMMYFUNCTION(""IF($B12=, =IFERROR(__xludf.DUMMYFUNCTION(""IF($B13="
Renda,=Ajustes!X1,text,37.84,"=Ajustes!X2, =Ajustes!X3, =Ajustes!X4, =Ajustes!X5, =Ajustes!X6, =Ajustes!X7, =IF(COUNTA($F$12:$F$21)=0,"""", SUMIF($F$1, status, =IF($B12="""","""", 
  IF(
    COUNTIFS(
   , =IF($B13="""","""", 
  IF(
    COUNTIFS(
   "
Renda,col_2,text,45.95,"=IF($C$10=0,"""", $F$10/$C$10), % obtido, =IF($F12="""","""",($C12/SUMIF($F$12:$F$21,"", =IF($F13="""","""",($C13/SUMIF($F$12:$F$21,"", =IF($F14="""","""",($C14/SUMIF($F$12:$F$21,"", =IF($F15="""","""",($C15/SUMIF($F$12:$F$21,"", =IF($F16="""","""",($C16/SUMIF($F$12:$F$21,"", =IF($F17="""","""",($C17/SUMIF($F$12:$F$21,"", =IF($F18="""","""",($C18/SUMIF($F$12:$F$21,"", =IF($F19="""","""",($C19/SUMIF($F$12:$F$21,"""
Renda,col_3,text,22.97,"R. Prev., R. Eft., data Mov., =IFERROR(__xludf.DUMMYFUNCTION(""IF($B12=, =IFERROR(__xludf.DUMMYFUNCTION(""IF($B13=, =IFERROR(__xludf.DUMMYFUNCTION(""IF($B14=, =IFERROR(__xludf.DUMMYFUNCTION(""IF($B15=, =IFERROR(__xludf.DUMMYFUNCTION(""IF($B16=, =IFERROR(__xludf.DUMMYFUNCTION(""IF($B17=, =IFERROR(__xludf.DUMMYFUNCTION(""IF($B18="
Renda,col_4,text,59.46,"=SUMPRODUCT(
  (Captar!$K$2:$K$3002=""Ent, =SUMPRODUCT(
  (Captar!$K$2:$K$3002=""Ent, =Ajustes!U2, =Ajustes!U3, =Ajustes!U4, =Ajustes!U5, =Ajustes!U6, =Ajustes!U7, =Ajustes!U8, =Ajustes!U9"
Renda,col_5,text,97.3,"=IF(I2<=Ajustes!$W$2,Ajustes!$X$2,VLOOKU, =IF(I3<=Ajustes!$W$2,Ajustes!$X$2,VLOOKU"
Monitor,agosto,text,47.3,"=""Renda PREVISTA ""&TEXT(B2,""mmmm""), =""Custo PREVISTO ""&TEXT(B2,""mmmm""), Resultado PREVISTO (Renda - Custo), Fidelidade, ., =""Total ""&B10, Incremental, =""Total ""&B14, Cobertura, =""Total ""&B18"
Monitor,2023.0,text,52.7,"C. Prev., =C37, =SUM(C11), =C10, =C45, =SUM(C15), =C54, =SUM(C19), =IF(SUM(C29:C36)>=IFERROR($E$3*VLOOKUP(B, =E3*10%"
Monitor,col_2,text,56.76,"C. Eft., =D37, =SUM(D11), =D10, =D45, =SUM(D15), =D54, =SUM(D19), =SUMPRODUCT((Captar!$T$2:$T$10002=B29)*(, =SUMPRODUCT((Captar!$T$2:$T$10002=B30)*("
Monitor,"=IF(E3<=Ajustes!$W$2,Ajustes!$X$2,VLOOKUP(E3,Ajustes!$W$2:$X$7,2,TRUE))",text,48.65,"=SUMPRODUCT((Captar!$K$2:$K$10002=""Entra, =SUM(H18,M12,M16,M20,C12,C16,C20), =E3-E5, Dif. Custos, =C11-D11, =SUM(E11), =E10, =C15-D15, =SUM(E15), =C19-D19"
Monitor,col_4,text,6.76,"=""Renda REALIZADA ""&TEXT(B2,""mmmm""), =""Custo REALIZADO ""&TEXT(B2,""mmmm""), Resultado REALIZADO (Renda - Custo), Essencial, =""Previsto (""&G10&"")"", Moradia, Desbravadores, Saúde, Despesas Gerais, Transportes"
Monitor,col_5,text,10.81,"=C10, =IF(SUM(H12:H17)>=IFERROR($E$3*VLOOKUP(G, =H43, =H51, =H63, =H75, =H86, =SUMPRODUCT((Captar!$T$2:$T$10002=G17)*(, =SUM(H11:H17), C. Prev."
Monitor,col_6,text,12.16,"=D10, =I43, =I51, =I63, =I75, =I86, =SUMPRODUCT((Captar!$T$2:$T$10002=G17)*(, =SUM(I11:I17), C. Eft., =SUMPRODUCT((Captar!$T$2:$T$10002=G28)*("
Monitor,"=IF(J3<=Ajustes!$W$2,Ajustes!$X$2,VLOOKUP(J3,Ajustes!$W$2:$X$7,2,TRUE))",text,6.76,"=SUMPRODUCT((Captar!$K$2:$K$10002=""Entra, =SUM(I18,N12,N16,N20,D12,D16,D20), =J3-J5, =E10, =H11-I11, =H12-I12, =H13-I13, =H14-I14, =H15-I15, =H16-I16"
Monitor,col_8,text,59.46,"Diferença RENDA (OBTIDA - PREVISTA), Diferença CUSTO (Real - Projetado), Diferença RESULTADO (Real - Projetado), Emergencial, ., =""Total ""&L10, Projetos, =""Total ""&L14, Amenidades, =""Total ""&L18"
Monitor,col_9,text,63.51,"=C10, =M34, =SUM(M11), =M40, =SUM(M15), =M46, =SUM(M19), C. Prev., =IF(SUM(M29:M33)>=IFERROR($E$3*VLOOKUP(L, =SUMPRODUCT((Captar!$T$2:$T$10002=L29)*("
Monitor,col_10,text,67.57,"=D10, =N34, =SUM(N11), =N40, =SUM(N15), =N46, =SUM(N19), C. Eft., =SUMPRODUCT((Captar!$T$2:$T$10002=L29)*(, =SUMPRODUCT((Captar!$T$2:$T$10002=L30)*("
Monitor,col_11,text,59.46,"=J3-E3, =J5-E5, =J7-E7, =E10, =M11-N11, =SUM(O11), =M15-N15, =SUM(O15), =M19-N19, =SUM(O19)"
Analisar,col,text,5.88,"Subcategoria, Dízimo, Oferta | Pacto, Oferta Missionária, Oferta Humanitária, Ofertas | diversas, Outros (Fidelidade), Aluguel, Manutenção, Internet"
Analisar,col_2,text,1.47,"categoria, Fidelidade, Essencial, Incremental, Cobertura, Emergencial, Projetos, Amenidades, Manejo, Renda"
Analisar,ANO,text,0.0,"2023.0, =SUM(C4:C64), =SUMPRODUCT((Captar!$T$2:$T$10002=A4)*(C, =SUMPRODUCT((Captar!$T$2:$T$10002=A5)*(C, =SUMPRODUCT((Captar!$T$2:$T$10002=A6)*(C, =SUMPRODUCT((Captar!$T$2:$T$10002=A7)*(C, =SUMPRODUCT((Captar!$T$2:$T$10002=A8)*(C, =SUMPRODUCT((Captar!$T$2:$T$10002=A9)*(C, =SUMPRODUCT((Captar!$T$2:$T$10002=A10)*(, =SUMPRODUCT((Captar!$T$2:$T$10002=A11)*("
Analisar,col_3,text,2.94,"=SUM(D4:D64), =C4/$C$3, =C5/$C$3, =C6/$C$3, =C7/$C$3, =C8/$C$3, =C9/$C$3, =C10/$C$3, =C11/$C$3, =C12/$C$3"
Analisar,Média - Mês,text,0.0,"m-m, =C3/MONTH(TODAY()), =C4/MONTH(TODAY()), =C5/MONTH(TODAY()), =C6/MONTH(TODAY()), =C7/MONTH(TODAY()), =C8/MONTH(TODAY()), =C9/MONTH(TODAY()), =C10/MONTH(TODAY()), =C11/MONTH(TODAY())"
Analisar,col_4,text,2.94,"=SUM(F4:F64), =E4/$E$3, =E5/$E$3, =E6/$E$3, =E7/$E$3, =E8/$E$3, =E9/$E$3, =E10/$E$3, =E11/$E$3, =E12/$E$3"
Analisar,Média - Ano,text,0.0,"m-a, =C3/12, =C4/12, =C5/12, =C6/12, =C7/12, =C8/12, =C9/12, =C10/12, =C11/12"
Analisar,col_5,text,2.94,"=SUM(H4:H64), =G4/$G$3, =G5/$G$3, =G6/$G$3, =G7/$G$3, =G8/$G$3, =G9/$G$3, =G10/$G$3, =G11/$G$3, =G12/$G$3"
Analisar,janeiro,text,0.0,"1.0, =SUM(I4:I64), =SUMPRODUCT((Captar!$T$2:$T$10002=A4)*(C, =SUMPRODUCT((Captar!$T$2:$T$10002=A5)*(C, =SUMPRODUCT((Captar!$T$2:$T$10002=A6)*(C, =SUMPRODUCT((Captar!$T$2:$T$10002=A7)*(C, =SUMPRODUCT((Captar!$T$2:$T$10002=A8)*(C, =SUMPRODUCT((Captar!$T$2:$T$10002=A9)*(C, =SUMPRODUCT((Captar!$T$2:$T$10002=A10)*(, =SUMPRODUCT((Captar!$T$2:$T$10002=A11)*("
Analisar,col_6,text,2.94,"=SUM(J4:J64), =I4/$I$3, =I5/$I$3, =I6/$I$3, =I7/$I$3, =I8/$I$3, =I9/$I$3, =I10/$I$3, =I11/$I$3, =I12/$I$3"
Analisar,fevereiro,text,0.0,"2.0, =SUM(K4:K64), =SUMPRODUCT((Captar!$T$2:$T$10002=A4)*(C, =SUMPRODUCT((Captar!$T$2:$T$10002=A5)*(C, =SUMPRODUCT((Captar!$T$2:$T$10002=A6)*(C, =SUMPRODUCT((Captar!$T$2:$T$10002=A7)*(C, =SUMPRODUCT((Captar!$T$2:$T$10002=A8)*(C, =SUMPRODUCT((Captar!$T$2:$T$10002=A9)*(C, =SUMPRODUCT((Captar!$T$2:$T$10002=A10)*(, =SUMPRODUCT((Captar!$T$2:$T$10002=A11)*("
Analisar,col_7,text,2.94,"=SUM(L4:L64), =K4/$K$3, =K5/$K$3, =K6/$K$3, =K7/$K$3, =K8/$K$3, =K9/$K$3, =K10/$K$3, =K11/$K$3, =K12/$K$3"
Analisar,março,text,0.0,"3.0, =SUM(M4:M64), =SUMPRODUCT((Captar!$T$2:$T$10002=A4)*(C, =SUMPRODUCT((Captar!$T$2:$T$10002=A5)*(C, =SUMPRODUCT((Captar!$T$2:$T$10002=A6)*(C, =SUMPRODUCT((Captar!$T$2:$T$10002=A7)*(C, =SUMPRODUCT((Captar!$T$2:$T$10002=A8)*(C, =SUMPRODUCT((Captar!$T$2:$T$10002=A9)*(C, =SUMPRODUCT((Captar!$T$2:$T$10002=A10)*(, =SUMPRODUCT((Captar!$T$2:$T$10002=A11)*("
Analisar,col_8,text,2.94,"=SUM(N4:N64), =M4/$M$3, =M5/$M$3, =M6/$M$3, =M7/$M$3, =M8/$M$3, =M9/$M$3, =M10/$M$3, =M11/$M$3, =M12/$M$3"
Analisar,abril,text,0.0,"4.0, =SUM(O4:O64), =SUMPRODUCT((Captar!$T$2:$T$10002=A4)*(C, =SUMPRODUCT((Captar!$T$2:$T$10002=A5)*(C, =SUMPRODUCT((Captar!$T$2:$T$10002=A6)*(C, =SUMPRODUCT((Captar!$T$2:$T$10002=A7)*(C, =SUMPRODUCT((Captar!$T$2:$T$10002=A8)*(C, =SUMPRODUCT((Captar!$T$2:$T$10002=A9)*(C, =SUMPRODUCT((Captar!$T$2:$T$10002=A10)*(, =SUMPRODUCT((Captar!$T$2:$T$10002=A11)*("
Analisar,col_9,text,2.94,"=SUM(P4:P64), =O4/$O$3, =O5/$O$3, =O6/$O$3, =O7/$O$3, =O8/$O$3, =O9/$O$3, =O10/$O$3, =O11/$O$3, =O12/$O$3"
Analisar,maio,text,0.0,"5.0, =SUM(Q4:Q64), =SUMPRODUCT((Captar!$T$2:$T$10002=A4)*(C, =SUMPRODUCT((Captar!$T$2:$T$10002=A5)*(C, =SUMPRODUCT((Captar!$T$2:$T$10002=A6)*(C, =SUMPRODUCT((Captar!$T$2:$T$10002=A7)*(C, =SUMPRODUCT((Captar!$T$2:$T$10002=A8)*(C, =SUMPRODUCT((Captar!$T$2:$T$10002=A9)*(C, =SUMPRODUCT((Captar!$T$2:$T$10002=A10)*(, =SUMPRODUCT((Captar!$T$2:$T$10002=A11)*("
Analisar,col_10,text,2.94,"=SUM(R4:R64), =Q4/$Q$3, =Q5/$Q$3, =Q6/$Q$3, =Q7/$Q$3, =Q8/$Q$3, =Q9/$Q$3, =Q10/$Q$3, =Q11/$Q$3, =Q12/$Q$3"
Analisar,junho,text,0.0,"6.0, =SUM(S4:S64), =SUMPRODUCT((Captar!$T$2:$T$10002=A4)*(C, =SUMPRODUCT((Captar!$T$2:$T$10002=A5)*(C, =SUMPRODUCT((Captar!$T$2:$T$10002=A6)*(C, =SUMPRODUCT((Captar!$T$2:$T$10002=A7)*(C, =SUMPRODUCT((Captar!$T$2:$T$10002=A8)*(C, =SUMPRODUCT((Captar!$T$2:$T$10002=A9)*(C, =SUMPRODUCT((Captar!$T$2:$T$10002=A10)*(, =SUMPRODUCT((Captar!$T$2:$T$10002=A11)*("
Analisar,col_11,text,2.94,"=SUM(T4:T64), =S4/$S$3, =S5/$S$3, =S6/$S$3, =S7/$S$3, =S8/$S$3, =S9/$S$3, =S10/$S$3, =S11/$S$3, =S12/$S$3"
Analisar,julho,text,0.0,"7.0, =SUM(U4:U64), =SUMPRODUCT((Captar!$T$2:$T$10002=A4)*(C, =SUMPRODUCT((Captar!$T$2:$T$10002=A5)*(C, =SUMPRODUCT((Captar!$T$2:$T$10002=A6)*(C, =SUMPRODUCT((Captar!$T$2:$T$10002=A7)*(C, =SUMPRODUCT((Captar!$T$2:$T$10002=A8)*(C, =SUMPRODUCT((Captar!$T$2:$T$10002=A9)*(C, =SUMPRODUCT((Captar!$T$2:$T$10002=A10)*(, =SUMPRODUCT((Captar!$T$2:$T$10002=A11)*("
Analisar,col_12,text,2.94,"=SUM(V4:V64), =U4/$U$3, =U5/$U$3, =U6/$U$3, =U7/$U$3, =U8/$U$3, =U9/$U$3, =U10/$U$3, =U11/$U$3, =U12/$U$3"
Analisar,agosto,text,0.0,"8.0, =SUM(W4:W64), =SUMPRODUCT((Captar!$T$2:$T$10002=A4)*(C, =SUMPRODUCT((Captar!$T$2:$T$10002=A5)*(C, =SUMPRODUCT((Captar!$T$2:$T$10002=A6)*(C, =SUMPRODUCT((Captar!$T$2:$T$10002=A7)*(C, =SUMPRODUCT((Captar!$T$2:$T$10002=A8)*(C, =SUMPRODUCT((Captar!$T$2:$T$10002=A9)*(C, =SUMPRODUCT((Captar!$T$2:$T$10002=A10)*(, =SUMPRODUCT((Captar!$T$2:$T$10002=A11)*("
Analisar,col_13,text,2.94,"=SUM(X4:X64), =W4/$W$3, =W5/$W$3, =W6/$W$3, =W7/$W$3, =W8/$W$3, =W9/$W$3, =W10/$W$3, =W11/$W$3, =W12/$W$3"
Analisar,setembro,text,0.0,"9.0, =SUM(Y4:Y64), =SUMPRODUCT((Captar!$T$2:$T$10002=A4)*(C, =SUMPRODUCT((Captar!$T$2:$T$10002=A5)*(C, =SUMPRODUCT((Captar!$T$2:$T$10002=A6)*(C, =SUMPRODUCT((Captar!$T$2:$T$10002=A7)*(C, =SUMPRODUCT((Captar!$T$2:$T$10002=A8)*(C, =SUMPRODUCT((Captar!$T$2:$T$10002=A9)*(C, =SUMPRODUCT((Captar!$T$2:$T$10002=A10)*(, =SUMPRODUCT((Captar!$T$2:$T$10002=A11)*("
Analisar,col_14,text,2.94,"=SUM(Z4:Z64), =Y4/$Y$3, =Y5/$Y$3, =Y6/$Y$3, =Y7/$Y$3, =Y8/$Y$3, =Y9/$Y$3, =Y10/$Y$3, =Y11/$Y$3, =Y12/$Y$3"
Analisar,outubro,text,0.0,"10.0, =SUM(AA4:AA64), =SUMPRODUCT((Captar!$T$2:$T$10002=A4)*(C, =SUMPRODUCT((Captar!$T$2:$T$10002=A5)*(C, =SUMPRODUCT((Captar!$T$2:$T$10002=A6)*(C, =SUMPRODUCT((Captar!$T$2:$T$10002=A7)*(C, =SUMPRODUCT((Captar!$T$2:$T$10002=A8)*(C, =SUMPRODUCT((Captar!$T$2:$T$10002=A9)*(C, =SUMPRODUCT((Captar!$T$2:$T$10002=A10)*(, =SUMPRODUCT((Captar!$T$2:$T$10002=A11)*("
Analisar,col_15,text,2.94,"=SUM(AB4:AB64), =AA4/$AA$3, =AA5/$AA$3, =AA6/$AA$3, =AA7/$AA$3, =AA8/$AA$3, =AA9/$AA$3, =AA10/$AA$3, =AA11/$AA$3, =AA12/$AA$3"
Analisar,novembro,text,0.0,"11.0, =SUM(AC4:AC64), =SUMPRODUCT((Captar!$T$2:$T$10002=A4)*(C, =SUMPRODUCT((Captar!$T$2:$T$10002=A5)*(C, =SUMPRODUCT((Captar!$T$2:$T$10002=A6)*(C, =SUMPRODUCT((Captar!$T$2:$T$10002=A7)*(C, =SUMPRODUCT((Captar!$T$2:$T$10002=A8)*(C, =SUMPRODUCT((Captar!$T$2:$T$10002=A9)*(C, =SUMPRODUCT((Captar!$T$2:$T$10002=A10)*(, =SUMPRODUCT((Captar!$T$2:$T$10002=A11)*("
Analisar,col_16,text,2.94,"=SUM(AD4:AD64), =AC4/$AC$3, =AC5/$AC$3, =AC6/$AC$3, =AC7/$AC$3, =AC8/$AC$3, =AC9/$AC$3, =AC10/$AC$3, =AC11/$AC$3, =AC12/$AC$3"
Analisar,dezembro,text,0.0,"12.0, =SUM(AE4:AE64), =SUMPRODUCT((Captar!$T$2:$T$10002=A4)*(C, =SUMIFS(Captar!$L:$L,Captar!$T:$T,A5,Cap, =SUMIFS(Captar!$L:$L,Captar!$T:$T,A6,Cap, =SUMIFS(Captar!$L:$L,Captar!$T:$T,A7,Cap, =SUMIFS(Captar!$L:$L,Captar!$T:$T,A8,Cap, =SUMIFS(Captar!$L:$L,Captar!$T:$T,A9,Cap, =SUMIFS(Captar!$L:$L,Captar!$T:$T,A10,Ca, =SUMIFS(Captar!$L:$L,Captar!$T:$T,A11,Ca"
Analisar,col_17,text,2.94,"=SUM(AF4:AF64), =AE4/$AE$3, =AE5/$AE$3, =AE6/$AE$3, =AE7/$AE$3, =AE8/$AE$3, =AE9/$AE$3, =AE10/$AE$3, =AE11/$AE$3, =AE12/$AE$3"
Analisar,col_19,text,83.82,"categoria, Fidelidade, Essencial, Incremental, Cobertura, Emergencial, Projetos, Amenidades, Manejo, Renda"
Analisar,2023.0,text,83.82,"=SUM(AI3:AI9), =SUMIF($B$4:$B$67,AH3,$C$4:$C$67), =SUMIF($B$4:$B$67,AH4,$C$4:$C$67), =SUMIF($B$4:$B$67,AH5,$C$4:$C$67), =SUMIF($B$4:$B$67,AH6,$C$4:$C$67), =SUMIF($B$4:$B$67,AH7,$C$4:$C$67), =SUMIF($B$4:$B$67,AH8,$C$4:$C$67), =SUMIF($B$4:$B$67,AH9,$C$4:$C$67), =SUMIF($B$4:$B$67,AH11,$C$4:$C$67), =SUMIF($B$4:$B$67,AH12,$C$4:$C$67)"
Analisar,Média - mês,text,83.82,"=AI2/MONTH(TODAY()), =AI3/MONTH(TODAY()), =AI4/MONTH(TODAY()), =AI5/MONTH(TODAY()), =AI6/MONTH(TODAY()), =AI7/MONTH(TODAY()), =AI8/MONTH(TODAY()), =AI9/MONTH(TODAY()), =AI11/MONTH(TODAY()), =AI12/MONTH(TODAY())"
Analisar,janeiro_2,text,83.82,"=SUM(AK3:AK9), =SUMIF($B$4:$B$67,$AH$3,I$4:I$67), =SUMIF($B$4:$B$67,$AH$4,I$4:I$67), =SUMIF($B$4:$B$67,$AH$5,I$4:I$67), =SUMIF($B$4:$B$67,$AH$6,I$4:I$67), =SUMIF($B$4:$B$67,$AH$7,I$4:I$67), =SUMIF($B$4:$B$67,$AH$8,I$4:I$67), =SUMIF($B$4:$B$67,$AH$9,I$4:I$67), =SUMIF($B$4:$B$67,$AH$11,I$4:I$67), =SUMIF($B$4:$B$67,$AH$12,I$4:I$67)"
Analisar,fevereiro_2,text,83.82,"=SUM(AL3:AL9), =SUMIF($B$4:$B$67,$AH$3,K$4:K$67), =SUMIF($B$4:$B$67,$AH$4,K$4:K$67), =SUMIF($B$4:$B$67,$AH$5,K$4:K$67), =SUMIF($B$4:$B$67,$AH$6,K$4:K$67), =SUMIF($B$4:$B$67,$AH$7,K$4:K$67), =SUMIF($B$4:$B$67,$AH$8,K$4:K$67), =SUMIF($B$4:$B$67,$AH$9,K$4:K$67), =SUMIF($B$4:$B$67,$AH$11,K$4:K$67), =SUMIF($B$4:$B$67,$AH$12,K$4:K$67)"
Analisar,março_2,text,83.82,"=SUM(AM3:AM9), =SUMIF($B$4:$B$67,$AH$3,M$4:M$67), =SUMIF($B$4:$B$67,$AH$4,M$4:M$67), =SUMIF($B$4:$B$67,$AH$5,M$4:M$67), =SUMIF($B$4:$B$67,$AH$6,M$4:M$67), =SUMIF($B$4:$B$67,$AH$7,M$4:M$67), =SUMIF($B$4:$B$67,$AH$8,M$4:M$67), =SUMIF($B$4:$B$67,$AH$9,M$4:M$67), =SUMIF($B$4:$B$67,$AH$11,M$4:M$67), =SUMIF($B$4:$B$67,$AH$12,M$4:M$67)"
Analisar,abril_2,text,83.82,"=SUM(AN3:AN9), =SUMIF($B$4:$B$67,$AH$3,O$4:O$67), =SUMIF($B$4:$B$67,$AH$4,O$4:O$67), =SUMIF($B$4:$B$67,$AH$5,O$4:O$67), =SUMIF($B$4:$B$67,$AH$6,O$4:O$67), =SUMIF($B$4:$B$67,$AH$7,O$4:O$67), =SUMIF($B$4:$B$67,$AH$8,O$4:O$67), =SUMIF($B$4:$B$67,$AH$9,O$4:O$67), =SUMIF($B$4:$B$67,$AH$11,O$4:O$67), =SUMIF($B$4:$B$67,$AH$12,O$4:O$67)"
Analisar,maio_2,text,83.82,"=SUM(AO3:AO9), =SUMIF($B$4:$B$67,$AH$3,Q$4:Q$67), =SUMIF($B$4:$B$67,$AH$4,Q$4:Q$67), =SUMIF($B$4:$B$67,$AH$5,Q$4:Q$67), =SUMIF($B$4:$B$67,$AH$6,Q$4:Q$67), =SUMIF($B$4:$B$67,$AH$7,Q$4:Q$67), =SUMIF($B$4:$B$67,$AH$8,Q$4:Q$67), =SUMIF($B$4:$B$67,$AH$9,Q$4:Q$67), =SUMIF($B$4:$B$67,$AH$11,Q$4:Q$67), =SUMIF($B$4:$B$67,$AH$12,Q$4:Q$67)"
Analisar,junho_2,text,83.82,"=SUM(AP3:AP9), =SUMIF($B$4:$B$67,$AH$3,S$4:S$67), =SUMIF($B$4:$B$67,$AH$4,S$4:S$67), =SUMIF($B$4:$B$67,$AH$5,S$4:S$67), =SUMIF($B$4:$B$67,$AH$6,S$4:S$67), =SUMIF($B$4:$B$67,$AH$7,S$4:S$67), =SUMIF($B$4:$B$67,$AH$8,S$4:S$67), =SUMIF($B$4:$B$67,$AH$9,S$4:S$67), =SUMIF($B$4:$B$67,$AH$11,S$4:S$67), =SUMIF($B$4:$B$67,$AH$12,S$4:S$67)"
Analisar,julho_2,text,83.82,"=SUM(AQ3:AQ9), =SUMIF($B$4:$B$67,$AH$3,U$4:U$67), =SUMIF($B$4:$B$67,$AH$4,U$4:U$67), =SUMIF($B$4:$B$67,$AH$5,U$4:U$67), =SUMIF($B$4:$B$67,$AH$6,U$4:U$67), =SUMIF($B$4:$B$67,$AH$7,U$4:U$67), =SUMIF($B$4:$B$67,$AH$8,U$4:U$67), =SUMIF($B$4:$B$67,$AH$9,U$4:U$67), =SUMIF($B$4:$B$67,$AH$11,U$4:U$67), =SUMIF($B$4:$B$67,$AH$12,U$4:U$67)"
Analisar,agosto_2,text,83.82,"=SUM(AR3:AR9), =SUMIF($B$4:$B$67,$AH$3,W$4:W$67), =SUMIF($B$4:$B$67,$AH$4,W$4:W$67), =SUMIF($B$4:$B$67,$AH$5,W$4:W$67), =SUMIF($B$4:$B$67,$AH$6,W$4:W$67), =SUMIF($B$4:$B$67,$AH$7,W$4:W$67), =SUMIF($B$4:$B$67,$AH$8,W$4:W$67), =SUMIF($B$4:$B$67,$AH$9,W$4:W$67), =SUMIF($B$4:$B$67,$AH$11,W$4:W$67), =SUMIF($B$4:$B$67,$AH$12,W$4:W$67)"
Analisar,setembro_2,text,83.82,"=SUM(AS3:AS9), =SUMIF($B$4:$B$67,$AH$3,Y$4:Y$67), =SUMIF($B$4:$B$67,$AH$4,Y$4:Y$67), =SUMIF($B$4:$B$67,$AH$5,Y$4:Y$67), =SUMIF($B$4:$B$67,$AH$6,Y$4:Y$67), =SUMIF($B$4:$B$67,$AH$7,Y$4:Y$67), =SUMIF($B$4:$B$67,$AH$8,Y$4:Y$67), =SUMIF($B$4:$B$67,$AH$9,Y$4:Y$67), =SUMIF($B$4:$B$67,$AH$11,Y$4:Y$67), =SUMIF($B$4:$B$67,$AH$12,Y$4:Y$67)"
Analisar,outubro_2,text,83.82,"=SUM(AT3:AT9), =SUMIF($B$4:$B$67,$AH$3,AA$4:AA$67), =SUMIF($B$4:$B$67,$AH$4,AA$4:AA$67), =SUMIF($B$4:$B$67,$AH$5,AA$4:AA$67), =SUMIF($B$4:$B$67,$AH$6,AA$4:AA$67), =SUMIF($B$4:$B$67,$AH$7,AA$4:AA$67), =SUMIF($B$4:$B$67,$AH$8,AA$4:AA$67), =SUMIF($B$4:$B$67,$AH$9,AA$4:AA$67), =SUMIF($B$4:$B$67,$AH$11,AA$4:AA$67), =SUMIF($B$4:$B$67,$AH$12,AA$4:AA$67)"
Analisar,novembro_2,text,83.82,"=SUM(AU3:AU9), =SUMIF($B$4:$B$67,$AH$3,AC$4:AC$67), =SUMIF($B$4:$B$67,$AH$4,AC$4:AC$67), =SUMIF($B$4:$B$67,$AH$5,AC$4:AC$67), =SUMIF($B$4:$B$67,$AH$6,AC$4:AC$67), =SUMIF($B$4:$B$67,$AH$7,AC$4:AC$67), =SUMIF($B$4:$B$67,$AH$8,AC$4:AC$67), =SUMIF($B$4:$B$67,$AH$9,AC$4:AC$67), =SUMIF($B$4:$B$67,$AH$11,AC$4:AC$67), =SUMIF($B$4:$B$67,$AH$12,AC$4:AC$67)"
Analisar,dezembro_2,text,83.82,"=SUM(AV3:AV9), =SUMIF($B$4:$B$67,$AH$3,AE$4:AE$67), =SUMIF($B$4:$B$67,$AH$4,AE$4:AE$67), =SUMIF($B$4:$B$67,$AH$5,AE$4:AE$67), =SUMIF($B$4:$B$67,$AH$6,AE$4:AE$67), =SUMIF($B$4:$B$67,$AH$7,AE$4:AE$67), =SUMIF($B$4:$B$67,$AH$8,AE$4:AE$67), =SUMIF($B$4:$B$67,$AH$9,AE$4:AE$67), =SUMIF($B$4:$B$67,$AH$11,AE$4:AE$67), =SUMIF($B$4:$B$67,$AH$12,AE$4:AE$67)"
Panorama,Mês,text,0.0,"janeiro, fevereiro, março, abril, maio, junho, julho, agosto, setembro, outubro"
Panorama,Renda,text,7.14,"=SUMPRODUCT((Captar!$U$2:$U$10002=C$3)*(, =SUMPRODUCT((Captar!$U$2:$U$10002=C$3)*(, =SUMPRODUCT((Captar!$U$2:$U$10002=C$3)*(, =SUMPRODUCT((Captar!$U$2:$U$10002=C$3)*(, =SUMPRODUCT((Captar!$U$2:$U$10002=C$3)*(, =SUMPRODUCT((Captar!$U$2:$U$10002=C$3)*(, =SUMPRODUCT((Captar!$U$2:$U$10002=C$3)*(, =SUMPRODUCT((Captar!$U$2:$U$10002=C$3)*(, =SUMPRODUCT((Captar!$U$2:$U$10002=C$3)*(, =SUMPRODUCT((Captar!$U$2:$U$10002=C$3)*("
Panorama,Fidelidade,text,0.0,"=SUMPRODUCT((Captar!$U$2:$U$10002=D$3)*(, =SUMPRODUCT((Captar!$U$2:$U$10002=D$3)*(, =SUMPRODUCT((Captar!$U$2:$U$10002=D$3)*(, =SUMPRODUCT((Captar!$U$2:$U$10002=D$3)*(, =SUMPRODUCT((Captar!$U$2:$U$10002=D$3)*(, =SUMPRODUCT((Captar!$U$2:$U$10002=D$3)*(, =SUMPRODUCT((Captar!$U$2:$U$10002=D$3)*(, =SUMPRODUCT((Captar!$U$2:$U$10002=D$3)*(, =SUMPRODUCT((Captar!$U$2:$U$10002=D$3)*(, =SUMPRODUCT((Captar!$U$2:$U$10002=D$3)*("
Panorama,Essencial,text,0.0,"=SUMPRODUCT((Captar!$U$2:$U$10002=E$3)*(, =SUMPRODUCT((Captar!$U$2:$U$10002=E$3)*(, =SUMPRODUCT((Captar!$U$2:$U$10002=E$3)*(, =SUMPRODUCT((Captar!$U$2:$U$10002=E$3)*(, =SUMPRODUCT((Captar!$U$2:$U$10002=E$3)*(, =SUMPRODUCT((Captar!$U$2:$U$10002=E$3)*(, =SUMPRODUCT((Captar!$U$2:$U$10002=E$3)*(, =SUMPRODUCT((Captar!$U$2:$U$10002=E$3)*(, =SUMPRODUCT((Captar!$U$2:$U$10002=E$3)*(, =SUMPRODUCT((Captar!$U$2:$U$10002=E$3)*("
Panorama,Incremental,text,0.0,"=SUMPRODUCT((Captar!$U$2:$U$10002=F$3)*(, =SUMPRODUCT((Captar!$U$2:$U$10002=F$3)*(, =SUMPRODUCT((Captar!$U$2:$U$10002=F$3)*(, =SUMPRODUCT((Captar!$U$2:$U$10002=F$3)*(, =SUMPRODUCT((Captar!$U$2:$U$10002=F$3)*(, =SUMPRODUCT((Captar!$U$2:$U$10002=F$3)*(, =SUMPRODUCT((Captar!$U$2:$U$10002=F$3)*(, =SUMPRODUCT((Captar!$U$2:$U$10002=F$3)*(, =SUMPRODUCT((Captar!$U$2:$U$10002=F$3)*(, =SUMPRODUCT((Captar!$U$2:$U$10002=F$3)*("
Panorama,Cobertura,text,0.0,"=SUMPRODUCT((Captar!$U$2:$U$10002=G$3)*(, =SUMPRODUCT((Captar!$U$2:$U$10002=G$3)*(, =SUMPRODUCT((Captar!$U$2:$U$10002=G$3)*(, =SUMPRODUCT((Captar!$U$2:$U$10002=G$3)*(, =SUMPRODUCT((Captar!$U$2:$U$10002=G$3)*(, =SUMPRODUCT((Captar!$U$2:$U$10002=G$3)*(, =SUMPRODUCT((Captar!$U$2:$U$10002=G$3)*(, =SUMPRODUCT((Captar!$U$2:$U$10002=G$3)*(, =SUMPRODUCT((Captar!$U$2:$U$10002=G$3)*(, =SUMPRODUCT((Captar!$U$2:$U$10002=G$3)*("
Panorama,Emergencial,text,0.0,"=SUMPRODUCT((Captar!$U$2:$U$10002=H$3)*(, =SUMPRODUCT((Captar!$U$2:$U$10002=H$3)*(, =SUMPRODUCT((Captar!$U$2:$U$10002=H$3)*(, =SUMPRODUCT((Captar!$U$2:$U$10002=H$3)*(, =SUMPRODUCT((Captar!$U$2:$U$10002=H$3)*(, =SUMPRODUCT((Captar!$U$2:$U$10002=H$3)*(, =SUMPRODUCT((Captar!$U$2:$U$10002=H$3)*(, =SUMPRODUCT((Captar!$U$2:$U$10002=H$3)*(, =SUMPRODUCT((Captar!$U$2:$U$10002=H$3)*(, =SUMPRODUCT((Captar!$U$2:$U$10002=H$3)*("
Panorama,Projetos,text,0.0,"=SUMPRODUCT((Captar!$U$2:$U$10002=I$3)*(, =SUMPRODUCT((Captar!$U$2:$U$10002=I$3)*(, =SUMPRODUCT((Captar!$U$2:$U$10002=I$3)*(, =SUMPRODUCT((Captar!$U$2:$U$10002=I$3)*(, =SUMPRODUCT((Captar!$U$2:$U$10002=I$3)*(, =SUMPRODUCT((Captar!$U$2:$U$10002=I$3)*(, =SUMPRODUCT((Captar!$U$2:$U$10002=I$3)*(, =SUMPRODUCT((Captar!$U$2:$U$10002=I$3)*(, =SUMPRODUCT((Captar!$U$2:$U$10002=I$3)*(, =SUMPRODUCT((Captar!$U$2:$U$10002=I$3)*("
Panorama,Amenidades,text,0.0,"=SUMPRODUCT((Captar!$U$2:$U$10002=J$3)*(, =SUMPRODUCT((Captar!$U$2:$U$10002=J$3)*(, =SUMPRODUCT((Captar!$U$2:$U$10002=J$3)*(, =SUMPRODUCT((Captar!$U$2:$U$10002=J$3)*(, =SUMPRODUCT((Captar!$U$2:$U$10002=J$3)*(, =SUMPRODUCT((Captar!$U$2:$U$10002=J$3)*(, =SUMPRODUCT((Captar!$U$2:$U$10002=J$3)*(, =SUMPRODUCT((Captar!$U$2:$U$10002=J$3)*(, =SUMPRODUCT((Captar!$U$2:$U$10002=J$3)*(, =SUMPRODUCT((Captar!$U$2:$U$10002=J$3)*("
Panorama,Manejo,text,7.14,"=SUMPRODUCT((Captar!$U$2:$U$10002=K$3)*(, =SUMPRODUCT((Captar!$U$2:$U$10002=K$3)*(, =SUMPRODUCT((Captar!$U$2:$U$10002=K$3)*(, =SUMPRODUCT((Captar!$U$2:$U$10002=K$3)*(, =SUMPRODUCT((Captar!$U$2:$U$10002=K$3)*(, =SUMPRODUCT((Captar!$U$2:$U$10002=K$3)*(, =SUMPRODUCT((Captar!$U$2:$U$10002=K$3)*(, =SUMPRODUCT((Captar!$U$2:$U$10002=K$3)*(, =SUMPRODUCT((Captar!$U$2:$U$10002=K$3)*(, =SUMPRODUCT((Captar!$U$2:$U$10002=K$3)*("
Ajustes,Modalidade,text,79.37,"Boleto, C. Crédito, C. Dédito, DDA, Dep. Envelope, Dep. Imediato, DOC/TED, Espécie, PIX, C. Transp"
Ajustes,Origem/Destino Valor,text,63.49,"Espécie A, Espécie B, Banco A P01, Banco A P02, Banco B P01, Banco B P02, Banco C P01, Banco D P01, Banco D P02, Banco E P01"
Ajustes,Pagador/Recebedor,text,93.65,"Pessoa 01, Pessoa 02, Prestador, Fornecedor"
Ajustes,Subcategoria,text,0.0,"Dízimo, Oferta | Pacto, Oferta Missionária, Oferta Humanitária, Ofertas | diversas, Outros (Fidelidade), Aluguel, Manutenção, Internet, Telefone"
Ajustes,Categoria,text,85.71,"Fidelidade, Essencial, Incremental, Cobertura, Emergencial, Projetos, Amenidades, Manejo, Renda"
Ajustes,col_9,text,77.78,"Categoria, Fidelidade, -, Essencial, Incremental, Cobertura, Emergencial, Projetos, Amenidades, Total"
Ajustes,col_10,text,79.37,"Subcategoria, Dízimo, Oferta | Pacto, Oferta Missionária, Oferta Humanitária, Ofertas | diversas, -, Total"
Ajustes,col_11,number,77.78,"Sub Meta, =SUM(P4:P8), 0.1, 0.04, 0.02, 0.7, 0.05, 0.01, =SUM(P4:P14)"
Ajustes,col_12,number,77.78,"Meta 01, =SUM(Q4:Q8), 0.1, 0.04, 0.02, 0.45, 0.05, =SUM(Q4:Q14)"
Ajustes,col_13,number,77.78,"Meta 02, =SUM(R4:R8), 0.1, 0.04, 0.03, 0.025, 0.4, 0.10625, 0.0625, 0.05"
Ajustes,col_14,number,77.78,"Meta 03, =SUM(S4:S8), 0.1, 0.04, 0.03, 0.35, 0.1125, 0.075, 0.05, =SUM(S4:S14)"
Ajustes,col_15,number,77.78,"Meta 04, =SUM(T4:T8), 0.1, 0.05, 0.045, 0.035, 0.3, 0.11875, 0.0875, =SUM(T4:T14)"
Ajustes,col_16,number,77.78,"Meta 05, =SUM(U4:U8), 0.1, 0.05, 0.25, 0.125, =SUM(U4:U14)"
Ajustes,Faixa de Renda,number,90.48,"1000.0, 4000.0, 7000.0, 10000.0, 13000.0, 16000.0"
Ajustes,Graus de Meta,text,90.48,"Sub Meta, Meta 01, Meta 02, Meta 03, Meta 04, Meta 05"
Melhorando,Distribur os valores alocados em cada instituição conforme categoria,text,12.5,"Melhorar nomes de subcategorias, Definir uma forma de categorizar reembol, Digitalizar por itens em vez de por nota, Adicionar o campo para estabelecimento d, Adicionar campos Produto/Marca/Unidade/E, Adcionar campo Preço por Kg/L, Separar Captar do Painel de análise"
Melhorando,OK,text,37.5,OK
Melhorando,2023-03-07 00:00:00,date,37.5,2024-03-19T00:00:00.000000000
Melhorando,col,text,75.0,"Recebedor, Vlr/Und"
Melhorando,TEF,text,75.0,"Transf. Eletr., Equipamentos/Utensílios/Eletrodomésticos"
